{"cameraMode":{"drawMode":0,"name":"Shaded","section":"Shading Mode"},"sceneLighting":false,"audioPlay":false,"sceneViewState":{"showFog":true,"showMaterialUpdate":false,"showSkybox":false,"showFlares":true,"showImageEffects":true,"showParticleSystems":true},"in2DMode":false,"pivot":{"x":49.5371208190918,"y":2.1738171577453615,"z":-9.325210571289063},"rotation":{"x":0.001741201733238995,"y":-0.9947899580001831,"z":0.10062555968761444,"w":0.017332542687654496},"size":0.9878341555595398,"orthographic":false}