{"cameraMode":{"drawMode":0,"name":"Shaded","section":"Shading Mode"},"sceneLighting":false,"audioPlay":false,"sceneViewState":{"showFog":true,"showMaterialUpdate":false,"showSkybox":false,"showFlares":true,"showImageEffects":true,"showParticleSystems":true},"in2DMode":false,"pivot":{"x":-9.02400016784668,"y":2.046579360961914,"z":5.705622673034668},"rotation":{"x":-0.09413180500268936,"y":0.636539101600647,"z":-0.07869034260511399,"w":-0.7614319920539856},"size":0.44709330797195437,"orthographic":true}