{"cameraMode":{"drawMode":0,"name":"Shaded","section":"Shading Mode"},"sceneLighting":false,"audioPlay":false,"sceneViewState":{"showFog":true,"showMaterialUpdate":false,"showSkybox":false,"showFlares":true,"showImageEffects":true,"showParticleSystems":true},"in2DMode":false,"pivot":{"x":-8.472161293029786,"y":2.046579360961914,"z":5.705622673034668},"rotation":{"x":-0.08771450072526932,"y":0.693934977054596,"z":-0.08578548580408097,"w":-0.7095166444778442},"size":0.44709330797195437,"orthographic":true}