{"cameraMode":{"drawMode":0,"name":"Shaded","section":"Shading Mode"},"sceneLighting":false,"audioPlay":false,"sceneViewState":{"showFog":true,"showMaterialUpdate":false,"showSkybox":false,"showFlares":true,"showImageEffects":true,"showParticleSystems":true},"in2DMode":false,"pivot":{"x":0.002009555697441101,"y":0.11494863778352738,"z":0.004820317029953003},"rotation":{"x":-0.05088704079389572,"y":-0.05959153175354004,"z":0.003043053438887,"w":-0.9969285130500794},"size":0.16232828795909882,"orthographic":true}