{"cameraMode":{"drawMode":0,"name":"Shaded","section":"Shading Mode"},"sceneLighting":true,"audioPlay":false,"sceneViewState":{"showFog":true,"showMaterialUpdate":false,"showSkybox":true,"showFlares":true,"showImageEffects":true,"showParticleSystems":true},"in2DMode":false,"pivot":{"x":-0.9853060245513916,"y":2.1615777015686037,"z":-12.514305114746094},"rotation":{"x":-0.2053930014371872,"y":0.06365901976823807,"z":-0.01338688749819994,"w":-0.9765222668647766},"size":4.295576572418213,"orthographic":false}