{"cameraMode":{"drawMode":0,"name":"Shaded","section":"Shading Mode"},"sceneLighting":false,"audioPlay":false,"sceneViewState":{"showFog":true,"showMaterialUpdate":false,"showSkybox":false,"showFlares":true,"showImageEffects":true,"showParticleSystems":true},"in2DMode":false,"pivot":{"x":-0.0655968189239502,"y":2.7809109687805177,"z":0.09810018539428711},"rotation":{"x":0.0009622477227821946,"y":0.9565631151199341,"z":-0.2915133237838745,"w":0.0031576529145240785},"size":3.329829216003418,"orthographic":false}