{"cameraMode":{"drawMode":0,"name":"Shaded","section":"Shading Mode"},"sceneLighting":false,"audioPlay":false,"sceneViewState":{"showFog":true,"showMaterialUpdate":false,"showSkybox":false,"showFlares":true,"showImageEffects":true,"showParticleSystems":true},"in2DMode":false,"pivot":{"x":0.8362083435058594,"y":0.5453696250915527,"z":1.7610020637512208},"rotation":{"x":0.0009622477227821946,"y":0.9565631151199341,"z":-0.2915133237838745,"w":0.0031576529145240785},"size":0.6571244597434998,"orthographic":false}