{"cameraMode":{"drawMode":0,"name":"Shaded","section":"Shading Mode"},"sceneLighting":false,"audioPlay":false,"sceneViewState":{"showFog":true,"showMaterialUpdate":false,"showSkybox":false,"showFlares":true,"showImageEffects":true,"showParticleSystems":true},"in2DMode":false,"pivot":{"x":-0.003984183073043823,"y":0.23171105980873109,"z":-0.0059119462966918949},"rotation":{"x":0.0009622477227821946,"y":0.9565631151199341,"z":-0.2915133237838745,"w":0.0031576529145240785},"size":0.4902578592300415,"orthographic":false}